requirement_id,title,description,priority
REQ-001,User registration,Users shall be able to register a new account using a unique email address and password.,High
REQ-002,Login with valid credentials,Users shall be able to log in to the system using a valid registered email address and password.,High
REQ-003,Invalid login handling,The system shall reject login attempts made with an invalid username or password and display a clear error message.,High
REQ-004,Password reset,Users shall be able to reset their password using their registered email address.,High
REQ-005,Email verification,New accounts shall require email verification before the user is granted full access.,Medium
REQ-006,Account lockout,The system shall lock a user account after five consecutive failed login attempts.,High
REQ-007,Session timeout,User sessions shall automatically expire after 30 minutes of inactivity.,Medium
REQ-008,Password complexity,Passwords shall meet minimum complexity requirements including length and character variety.,Medium
REQ-009,Profile update,Users shall be able to update their profile information such as display name and contact details.,Low
REQ-010,Role-based access control,The system shall restrict access to administrative features based on the user's assigned role.,High
REQ-011,Duplicate registration prevention,The system shall prevent registration of a new account using an email address that is already in use.,Medium
REQ-012,Logout,"Users shall be able to log out of the system, immediately terminating their active session.",Medium
REQ-013,Two-factor authentication,The system shall support optional two-factor authentication for users who want enhanced account security.,Low
REQ-014,Account recovery via security questions,Users shall be able to recover access to their account by answering pre-configured security questions when email access is unavailable.,Medium
REQ-015,Authentication audit logging,"The system shall maintain an audit log of authentication-related events, including logins, logouts, and failed attempts.",Low
